Heidenreich-Skiles,Herman Group,04/04/2018,38.52
Roob Inc,Brekke Inc,06/08/2018,100.25
"Dickens, Reinger and Gerlach","Kreiger, Bogisich and Nolan",04/17/2018,245.48
"Sawayn, Okuneva and Jacobson",Wuckert-Cole,04/12/2018,95.25
"Witting, Koss and Stoltenberg",Carroll-Predovic,04/23/2018,38.81
"Simonis, Roberts and McDermott",Abshire and Sons,04/24/2018,44.70
Hoeger-Daniel,"Price, Jast and Johnston",04/26/2018,238.74
Rippin and Sons,Farrell and Sons,06/11/2018,119.52
"Morissette, Nolan and Bartoletti",Shanahan LLC,06/25/2018,231.61
Schiller Inc,Gaylord-Donnelly,06/01/2018,123.69
Hegmann-Ebert,McClure-Kassulke,05/16/2018,94.31
Hermiston LLC,Walter Group,05/13/2018,104.57
Kutch LLC,Hyatt Inc,05/15/2018,41.30
Robel and Sons,Huels Inc,05/01/2018,44.82
Stracke and Sons,Ondricka and Sons,04/17/2018,92.30
Orn-Murphy,Klocko-Carter,05/24/2018,227.27
"Satterfield, Kuphal and Gulgowski","Moore, Daniel and Jerde",04/19/2018,241.55
Pollich LLC,"Rogahn, Ullrich and Rutherford",06/25/2018,69.41
Becker-Pfannerstill,Heaney LLC,06/27/2018,90.55
"Cormier, Runte and West","Boyer, Hermiston and Lynch",06/09/2018,162.57
Botsford-Ferry,Quigley and Sons,05/29/2018,91.27
"Hilll, Schiller and Johnston",Schuster-Pacocha,04/11/2018,108.34
Murazik-Abbott,Rolfson Inc,06/02/2018,129.81
Hilll Group,Doyle-Bayer,04/27/2018,136.21
"Medhurst, Cremin and O'Hara",Purdy LLC,06/13/2018,209.78
"Harris, Kohler and Simonis",Johns and Sons,06/22/2018,172.48
Jacobs-Carter,Torphy-Breitenberg,04/28/2018,48.95
Connelly-Ward,Murazik Inc,05/17/2018,106.65
"Anderson, Schimmel and Stamm",Doyle-Graham,06/04/2018,192.86
Mayer Inc,Glover-Terry,04/07/2018,137.77
Howe-Turcotte,Schaefer and Sons,04/17/2018,104.49
Hilll Inc,"Marvin, Hammes and Gutkowski",05/15/2018,131.92
"Halvorson, Denesik and Rippin",Hessel-Balistreri,04/02/2018,178.61
"Maggio, Mayert and Hilpert",Braun-Schuppe,04/12/2018,236.96
"Considine, Swift and Koss",Gleichner-Schamberger,05/26/2018,222.46
Kihn Group,Zulauf Group,06/26/2018,79.95
Huel-Donnelly,Christiansen-Wolff,04/29/2018,188.74
Mante Group,Hudson Group,06/24/2018,91.51
"Collins, Mayer and Daniel",Stiedemann-Herzog,04/14/2018,81.37
Kemmer Group,Wintheiser LLC,05/27/2018,176.68
Walter Inc,"Smith, Hilpert and Cremin",05/14/2018,117.56
"Runolfsson, Toy and Marquardt",Walter-Schroeder,04/05/2018,233.53
"Kuhic, Gulgowski and Mohr","Weber, Leuschke and Bayer",04/12/2018,210.10
Kilback Group,DuBuque and Sons,06/13/2018,240.21
Runte Group,"Shields, Rowe and Bechtelar",04/28/2018,164.38
Herman Group,"Zulauf, Reichert and Sawayn",04/14/2018,173.11
"Durgan, Metz and Bosco","Oberbrunner, Pouros and Tromp",04/19/2018,232.80
Hermann-Hintz,McClure-Olson,04/14/2018,154.81
Roberts-Metz,Sporer-Thiel,04/09/2018,112.43
Runolfsdottir and Sons,Hackett Group,04/13/2018,41.68
"Wintheiser, Mertz and Bauch",Collier-Harvey,04/15/2018,117.79
Crooks-Ziemann,"Dare, Satterfield and Morar",04/28/2018,161.03
Armstrong Group,Ryan-Kuhn,05/27/2018,229.20
Corkery-Crist,Auer-Hartmann,04/07/2018,230.59
"Marquardt, Dicki and Schiller","Feeney, Roob and Nienow",04/04/2018,104.01
Hahn and Sons,Borer Group,05/07/2018,86.66
Hills LLC,Runolfsson-Bernhard,05/27/2018,85.04
"Leannon, Cremin and Welch",Rogahn-O'Keefe,05/13/2018,107.60
"Carroll, Kiehn and Lebsack",Dickens-Lakin,05/21/2018,157.81
Farrell-Schaefer,"Runolfsson, Lockman and Stokes",06/20/2018,201.26
Little LLC,"Hegmann, Howe and Rosenbaum",06/24/2018,232.75
"Leffler, Swift and Wehner","Balistreri, Toy and Simonis",04/17/2018,115.56
Oberbrunner Inc,Borer-Doyle,04/16/2018,49.68
Altenwerth-Waelchi,Rau Group,04/30/2018,43.22
"Rau, Kiehn and Hagenes","Halvorson, Ryan and Zemlak",06/23/2018,235.03
Thompson-Batz,"Bartoletti, Adams and Kshlerin",05/26/2018,54.91
"Muller, Shields and Ankunding","Breitenberg, Farrell and Hand",04/05/2018,170.03
MacGyver-Bernier,Farrell-Hayes,05/06/2018,80.54
"Padberg, Wiza and Kuhlman",Reichel Inc,04/07/2018,90.38
Reinger LLC,Bernhard LLC,06/28/2018,248.11
Zieme-Bayer,"Grimes, Roberts and Moen",04/30/2018,126.35
Rowe LLC,"Olson, Okuneva and Wintheiser",04/05/2018,170.04
Cremin-Wisozk,"Becker, Medhurst and Denesik",05/09/2018,58.05
Mayer LLC,Vandervort and Sons,05/08/2018,204.40
Greenholt LLC,Bernier-Cassin,05/09/2018,226.23
"Nikolaus, Von and Turcotte",Huel Group,06/24/2018,39.94
Lowe LLC,Watsica Group,05/19/2018,69.12
"Cormier, Hane and Stokes","Will, Labadie and Koelpin",05/20/2018,122.19
"Leannon, Smitham and McClure",Morar-Hahn,05/24/2018,141.88
Konopelski-Lakin,Bruen-Hessel,05/25/2018,74.72
Konopelski-Zboncak,Bartoletti Group,04/26/2018,184.04
"Beahan, Sipes and Kemmer","Keebler, Toy and Purdy",04/08/2018,37.46
McKenzie-Mertz,Buckridge and Sons,04/26/2018,45.82
"Kozey, Olson and Schmeler",Greenholt LLC,04/23/2018,87.82
Bartoletti LLC,Cormier-Johnston,04/10/2018,214.86
Witting and Sons,Torphy LLC,04/22/2018,198.68
"Fay, Wiza and Jacobi",Jones-O'Reilly,04/21/2018,209.12
Sipes Inc,"Gulgowski, Ebert and Zieme",04/15/2018,99.61
Spinka-Pollich,Ebert-Kshlerin,06/11/2018,246.55
"Torphy, Berge and Russel",Ernser-Nikolaus,04/18/2018,177.58
"Hills, Schneider and Fahey",Senger-Windler,06/24/2018,146.53
Nienow-Schroeder,Blanda and Sons,05/04/2018,206.90
Nolan-Crooks,Heller-Leuschke,06/04/2018,151.83
Rempel and Sons,Turcotte Group,05/31/2018,41.01
Fahey-Ferry,"Schamberger, Halvorson and Fay",04/13/2018,269.33
"Schuster, Crooks and Nienow",Rolfson Inc,06/13/2018,163.11
Wunsch-Waelchi,Fisher Group,05/15/2018,37.42
Stoltenberg and Sons,Towne Group,05/28/2018,242.14
"Feil, Berge and Kreiger","Gutmann, Legros and Ankunding",04/20/2018,68.19
Corwin-Predovic,Schoen-Orn,05/01/2018,45.24
"Graham, Marvin and Tillman",Quitzon-Dickens,06/16/2018,127.91
"Farrell, Wyman and Stanton","Sipes, Hackett and Osinski",06/06/2018,243.39
"Bosco, Lubowitz and Hammes",Bauch-Kling,06/17/2018,234.32
Hahn-Hyatt,"Schamberger, Gulgowski and Miller",05/08/2018,146.33
Weimann Group,Farrell Group,06/26/2018,42.91
"Ferry, Nicolas and Reinger",Fritsch-Nikolaus,05/19/2018,122.10
Bartoletti LLC,Bergnaum-McLaughlin,06/12/2018,228.94
"Mraz, Cummings and Conn","Buckridge, Wolff and Luettgen",04/05/2018,166.41
"Kub, Koelpin and Tromp",Ferry LLC,05/15/2018,147.05
"Towne, Lockman and Pfeffer","Walker, Farrell and Bauch",04/01/2018,203.52
Nikolaus Inc,"Daugherty, Olson and Runte",05/05/2018,95.57
Adams-Marvin,"Konopelski, Gibson and Robel",05/08/2018,147.57
"Glover, Thiel and Lang",Kassulke-Walter,04/05/2018,91.37
Bauch Group,"Wiza, Bergnaum and Leffler",04/05/2018,95.17
"Daniel, Trantow and Gislason",Weimann-Trantow,04/16/2018,188.02
"Miller, Pacocha and Cummerata","Goyette, Ruecker and Bailey",06/03/2018,164.45
"Ullrich, Friesen and Luettgen",Cole and Sons,06/21/2018,141.13
"Marvin, Kuvalis and Jacobi","Armstrong, Stanton and Pfannerstill",05/24/2018,142.55
Mosciski-Zboncak,Prosacco-Rau,04/05/2018,189.47
Koelpin LLC,Koepp Group,04/25/2018,44.34
Lynch-Cummings,Russel-Beier,05/19/2018,54.61
"Lesch, Bosco and Kling",Cruickshank-Padberg,05/31/2018,117.90
Koelpin-Kohler,"Rolfson, Connelly and Gerhold",04/21/2018,86.93
Bergstrom Group,Bayer-Schulist,04/30/2018,136.36
Pagac-Bailey,Watsica-Price,06/02/2018,226.59
D'Amore-Heaney,"Willms, Kunde and Mertz",05/11/2018,46.37
Botsford Group,"Quitzon, Kreiger and Bogan",06/26/2018,203.64
Thiel-Steuber,"Will, Ankunding and Stracke",04/20/2018,149.66
"Cole, Graham and McDermott","Thiel, Beer and Barrows",06/14/2018,124.02
Wuckert Group,Cummings-Purdy,05/30/2018,161.83
Hane and Sons,Orn Inc,05/10/2018,145.58
"Beier, Willms and Ferry",Tillman-Ortiz,04/11/2018,237.39
Zemlak-Rolfson,Stokes-Koelpin,05/25/2018,74.52
Stehr LLC,Huel-Nolan,06/18/2018,109.58
McClure-Borer,"Cartwright, Gleason and Kautzer",06/27/2018,79.40
Baumbach-Quigley,"Wyman, Swaniawski and Haag",05/21/2018,102.28
"Brekke, Will and Klocko",Frami-Daugherty,05/29/2018,49.59
"Feest, Prohaska and Thiel",Grant-Senger,05/03/2018,165.58
Sauer Group,Hickle and Sons,04/19/2018,166.27
Baumbach-Flatley,Hartmann-Halvorson,06/05/2018,215.16
Johns Inc,Kshlerin-Crist,05/23/2018,117.17
"Kozey, Witting and Hansen",Bernier Inc,05/15/2018,54.47
"Connelly, Marvin and Bayer",Hegmann LLC,04/03/2018,180.04
"Mann, Gulgowski and Beatty",Cronin-Sanford,04/18/2018,246.28
Batz LLC,"Langosh, Luettgen and Ortiz",06/01/2018,148.34
Moen Inc,Tremblay-Christiansen,04/24/2018,166.44
"Howe, Jast and Heaney",Walsh Group,04/14/2018,189.36
Huels and Sons,Ward and Sons,06/27/2018,141.23
Sauer-Labadie,"Bashirian, Batz and Homenick",05/17/2018,101.65
Keebler-West,"Mante, Lesch and Grant",05/27/2018,91.42
"Smith, Hansen and Effertz",Kertzmann LLC,06/09/2018,62.74
Nolan and Sons,"Bailey, Pouros and McLaughlin",05/11/2018,158.71
Medhurst Group,Miller-Koepp,04/09/2018,245.78
Marquardt and Sons,"Pollich, Welch and Yost",06/12/2018,233.11
Buckridge-Lemke,Crist LLC,05/10/2018,49.17
Dickinson-Koelpin,Leannon Inc,04/07/2018,146.33
Mraz Inc,Hettinger-Medhurst,05/29/2018,200.83
Ratke and Sons,Keeling-Schamberger,05/02/2018,203.97
"Bernhard, Mitchell and Lakin",Konopelski-Keeling,06/13/2018,39.62
Dare-Jakubowski,Marquardt LLC,04/02/2018,177.66
Effertz Inc,Parker Inc,05/12/2018,178.55
Mraz-Robel,Anderson-Krajcik,06/13/2018,82.05
"Yundt, Powlowski and Lebsack","Abshire, Moen and Schmitt",05/05/2018,151.34
"Fahey, Schneider and Maggio","Beatty, Mante and Hirthe",04/16/2018,123.72
Yundt Inc,"Greenholt, Parker and Friesen",04/24/2018,218.34
"Gusikowski, West and Hodkiewicz",Cole and Sons,06/05/2018,38.20
Konopelski-Weissnat,Waelchi-Mills,06/20/2018,192.75
Pfeffer and Sons,Smitham and Sons,04/15/2018,196.24
Kihn and Sons,Gerlach and Sons,06/08/2018,103.90
Abernathy LLC,Gutmann LLC,05/05/2018,145.42
Mitchell-Hoeger,Cummings and Sons,06/27/2018,246.86
Orn-Murazik,VonRueden-Bartell,05/14/2018,215.50
Kris Group,Hessel-Daugherty,06/23/2018,115.13
Hansen Group,"Hudson, Tromp and Monahan",05/05/2018,41.56
"Mohr, Schaden and Rutherford",Jerde Group,05/27/2018,160.00
Witting Inc,"Bednar, Hahn and Stokes",05/31/2018,95.31
"West, Towne and Hayes","Collins, McDermott and McClure",06/10/2018,392.67
"Towne, Roberts and Murphy",Zulauf-Schuppe,04/13/2018,205.40
Pfeffer Inc,"Cormier, Yost and Halvorson",04/16/2018,103.18
Vandervort and Sons,Grady Group,04/04/2018,76.23
Kemmer Inc,Veum Group,05/07/2018,137.73
"Goodwin, Zboncak and Bergnaum",Armstrong-Swaniawski,05/23/2018,203.25
"Kunze, Dibbert and Hills",Bosco-Frami,04/15/2018,159.56
Stehr-Mertz,Watsica and Sons,04/05/2018,91.92
Hammes-Kovacek,Hahn LLC,04/19/2018,203.53
"Zboncak, Johns and Schuster",Bartell-Stoltenberg,05/30/2018,54.43
Beer-Schneider,Rohan-Kutch,05/18/2018,143.57
Hilpert Inc,Hauck-Schuppe,06/10/2018,58.84
"Christiansen, Bailey and Kovacek",Hartmann-Hoeger,04/18/2018,228.08
"Altenwerth, Zulauf and Bailey",Klein-Blick,04/02/2018,43.11
Von-Altenwerth,"Waters, DuBuque and Heathcote",05/30/2018,246.14
Breitenberg-Graham,Crooks and Sons,06/15/2018,99.71
"Dickens, Schmitt and Kris","Nienow, Balistreri and Bins",06/03/2018,82.51
"Schowalter, Baumbach and Kirlin",Cassin LLC,04/10/2018,46.96
Mante-Runolfsdottir,Schumm-Jenkins,05/15/2018,104.47
"Quitzon, Mohr and Hilpert",Crona Group,05/30/2018,149.85
Sauer Inc,Satterfield and Sons,05/07/2018,219.83
"Corkery, Adams and Kunde",Goyette Inc,05/10/2018,63.47
Hermiston Inc,Heaney and Sons,05/16/2018,155.11
"Jerde, Runte and Schmeler","Beatty, Kohler and Adams",06/20/2018,326.48
"Shanahan, Klocko and Roberts",Schaefer Inc,06/08/2018,89.98
McGlynn-Hermann,"Raynor, Greenfelder and Beatty",06/16/2018,173.28
Jaskolski and Sons,Ratke-Leuschke,05/24/2018,198.01
Kris and Sons,"Fisher, Luettgen and Wolf",06/21/2018,149.45
"Kerluke, Hirthe and King","Schoen, Lynch and McLaughlin",06/16/2018,119.97
"Ernser, Hamill and Bechtelar",Monahan and Sons,04/21/2018,238.63
Medhurst-Pfeffer,"Brakus, Rogahn and Braun",04/16/2018,197.74
Tillman LLC,"Huels, Reinger and Abshire",05/06/2018,180.87
Bode-Wilderman,Dooley-Wilderman,06/02/2018,121.30
Predovic LLC,"Denesik, Hayes and Marquardt",04/18/2018,100.90
"Nienow, Bernhard and Rutherford","White, Feil and Carter",04/23/2018,156.09
Altenwerth Inc,Sawayn-Stamm,06/28/2018,228.34
Conn-Hoppe,Auer Group,06/22/2018,220.19
"O'Reilly, Ebert and Weissnat",Champlin Group,06/26/2018,104.86
"Prosacco, Schuppe and Witting",Bailey-Waters,05/18/2018,237.17
Deckow-Gibson,Swaniawski Group,05/07/2018,131.95
Runte Inc,"Rosenbaum, Maggio and Wehner",04/17/2018,187.14
"Schumm, Johns and Prosacco","Hettinger, McCullough and Nolan",06/12/2018,49.80
Runte Inc,Cassin Group,04/30/2018,179.84
Lesch-Hackett,"Smith, Kunde and Frami",06/26/2018,77.95
"Roob, Fritsch and Romaguera",Wehner-Medhurst,04/15/2018,50.44
Conroy-Bechtelar,Ullrich-Murphy,06/23/2018,53.86
Emmerich Group,Ferry and Sons,06/20/2018,55.73
"Bogisich, Friesen and Jacobs",Considine-Schuster,06/11/2018,41.73
"Emmerich, Murazik and Nienow",Herzog Group,04/17/2018,61.26
McLaughlin Inc,"Kozey, Hilll and Fritsch",05/30/2018,77.03
Reinger Inc,Stoltenberg-McKenzie,04/01/2018,204.96
Bode-Kling,Donnelly LLC,05/20/2018,206.33
Hartmann-Kerluke,Hintz Group,04/10/2018,58.03
"Abbott, Mante and Veum","Hoeger, Lind and Fisher",04/12/2018,99.48
MacGyver-Barrows,Collier-Murazik,04/17/2018,90.02
"McCullough, Senger and Gaylord",Ullrich LLC,05/26/2018,152.02
Cormier and Sons,Casper Group,06/24/2018,119.37
"Buckridge, Friesen and Beer","Grant, Boehm and Rippin",05/12/2018,182.15
"Sporer, Abbott and Runte",Herzog-Kohler,06/26/2018,95.19
Rodriguez LLC,"Fisher, Pouros and Heaney",05/02/2018,214.56
Smitham Inc,"Rowe, Schimmel and Murazik",04/06/2018,70.01
"Halvorson, Kessler and Emmerich","Swift, VonRueden and Veum",06/03/2018,244.66
Labadie Group,Dach-Larson,04/19/2018,224.96
Rutherford and Sons,"Klein, Price and Barrows",04/24/2018,215.75
"Kassulke, Borer and Johns",Bosco-Gerlach,05/06/2018,246.42
Lakin Inc,Bergnaum Inc,05/10/2018,209.66
Quigley Inc,Hoppe LLC,05/18/2018,119.31
Daugherty LLC,Boehm-Brekke,05/15/2018,165.88
"Schoen, Lebsack and Runolfsson","Sipes, Wolf and Hayes",04/29/2018,166.77
Wolff-Ondricka,"Franecki, Ritchie and Gibson",04/28/2018,106.59
"Windler, Hoeger and Von",Dickinson-Stoltenberg,06/04/2018,241.77
Donnelly-Mitchell,"Gleason, McLaughlin and Toy",06/22/2018,122.59
"Goldner, Sauer and Jast",Rempel-Herzog,06/28/2018,106.02
Hilll and Sons,Dare-Brown,06/01/2018,231.37
"Rodriguez, Heidenreich and Champlin","Hoeger, Runolfsdottir and Kihn",05/26/2018,163.18
Skiles-Hermann,"Blanda, Rempel and Pouros",04/19/2018,109.17
Stoltenberg-Leuschke,Schaefer-Bechtelar,05/11/2018,59.66
Price-McGlynn,"Walsh, Kautzer and Wiegand",06/08/2018,80.81
"Block, Ritchie and Bechtelar",McLaughlin-Jakubowski,04/15/2018,275.54
Kuhlman-Schaefer,"Heller, Stamm and Johns",05/06/2018,146.90
Wehner-Rodriguez,"Beahan, Becker and Sawayn",05/13/2018,94.03
"Jenkins, Heidenreich and Walsh","Marks, Kemmer and Adams",05/28/2018,224.76
Graham and Sons,Goldner-Brakus,04/01/2018,168.94
"Bechtelar, Littel and Schmeler","Crist, Reichert and Rath",04/29/2018,58.72
"Ratke, Ward and O'Keefe",Witting-Waelchi,04/25/2018,225.42
Graham-Schaden,"Gerlach, Willms and Thiel",04/02/2018,180.80
Walter-Willms,Paucek-Upton,05/07/2018,232.72
Strosin-Carroll,Rodriguez-Fritsch,05/02/2018,49.88
Russel and Sons,Stamm LLC,04/03/2018,111.85
Dietrich Inc,"Krajcik, Willms and Pagac",04/14/2018,194.39
Langworth Group,Cartwright-Roberts,05/15/2018,174.91
"Blick, Breitenberg and Schmitt","Casper, Harris and Schimmel",04/18/2018,228.26
Feeney-Kertzmann,"Gulgowski, Rosenbaum and Wilderman",04/04/2018,73.59
"Kiehn, Connelly and Pfannerstill",Oberbrunner-Pollich,05/26/2018,101.49
Bergnaum-Dare,Herzog-Parisian,04/25/2018,128.83
Grady-Smitham,"Hegmann, Kling and Terry",04/12/2018,120.77
Stamm-Gleichner,Haley Inc,05/21/2018,214.03
Corwin LLC,"Weimann, Jerde and Moore",05/13/2018,122.03
Kuhlman-Schmitt,Bogisich Group,05/08/2018,123.59
"Murphy, Runolfsdottir and Dare",White-Cassin,06/07/2018,101.52
Wolf LLC,Corwin-Crist,06/13/2018,130.17
"Ryan, Heller and Walter",Jones Group,06/01/2018,50.28
Schumm-Marquardt,Balistreri LLC,04/30/2018,204.43
"Parisian, Bartell and Fritsch",Denesik and Sons,04/06/2018,96.96
Sauer-Gleason,Wuckert-Runte,04/26/2018,174.34
"Wiegand, Smith and Cormier","Barrows, Tromp and Marvin",04/20/2018,253.32
Roberts-Purdy,Hilpert-Mitchell,04/05/2018,65.82
Tromp-Yost,Shanahan and Sons,06/05/2018,107.12
Tillman-Runte,Raynor and Sons,04/18/2018,43.52
Cruickshank LLC,Wisozk-Rohan,05/04/2018,174.09
Kunde-Hane,Grady-Davis,05/27/2018,130.66
Lockman-Walsh,Hammes Group,04/07/2018,49.18
Nolan LLC,Skiles and Sons,04/14/2018,50.98
"Ledner, VonRueden and Bradtke",Mertz-Paucek,04/10/2018,198.80
Hoeger and Sons,Strosin LLC,06/08/2018,112.32
"Lemke, Zulauf and Hettinger",Schulist and Sons,06/28/2018,189.86
Boehm-Nitzsche,Feest and Sons,06/06/2018,177.58
Lang-Schimmel,Spinka LLC,05/30/2018,180.74
D'Amore-Krajcik,Moore Group,05/22/2018,62.17
Hayes and Sons,Morissette-Hilll,04/07/2018,114.46
Conroy-Mraz,Koss Group,04/11/2018,190.48
"Metz, Heathcote and Kris",Halvorson and Sons,05/12/2018,82.83
"Romaguera, Gibson and Rogahn","Wintheiser, Maggio and Bradtke",04/01/2018,52.81
Jacobs-Spencer,"Denesik, Tremblay and Pollich",04/28/2018,183.70
"Altenwerth, Considine and Littel","Fahey, Schmeler and Kilback",05/27/2018,114.35
Wolff and Sons,Nienow Inc,04/24/2018,205.81
Waelchi LLC,"Wisoky, Rowe and Boyer",05/03/2018,55.61
"Wiegand, Mills and Dare",Cummings-Gerlach,06/11/2018,186.16
Lesch Inc,Pacocha Group,04/08/2018,245.13
Reichert and Sons,"Wolf, Dare and Hahn",06/29/2018,139.01
Schimmel LLC,Luettgen Inc,04/15/2018,108.18
Gaylord-Nicolas,Kihn Group,05/18/2018,215.49
"Balistreri, Muller and Graham",Franecki-Marquardt,04/12/2018,54.90
Lehner Inc,Gislason-Haag,06/22/2018,99.99
Dooley-Koepp,Marks-Gleason,04/17/2018,48.01
Deckow-Collier,Lockman-Labadie,05/02/2018,134.65
"Smitham, Wehner and Gaylord",Hansen-Predovic,04/05/2018,55.07
"Blanda, Wilderman and Reichert",Schmidt-Welch,04/06/2018,106.17
Goodwin-Marks,"Krajcik, Padberg and Renner",06/17/2018,168.06
Spinka-Feil,Buckridge LLC,04/02/2018,222.52
Baumbach-Gleason,West-Torphy,04/08/2018,100.26
Buckridge LLC,O'Connell LLC,06/10/2018,106.47
Ebert and Sons,"Von, Upton and O'Connell",05/30/2018,77.47
Aufderhar LLC,Maggio LLC,06/03/2018,231.60
McDermott Inc,"Veum, Rogahn and Nicolas",06/17/2018,171.73
Emard-Daniel,"Lakin, Skiles and Parisian",04/22/2018,218.81
Stokes-Effertz,Quitzon-Doyle,05/09/2018,111.26
"Satterfield, Herman and Franecki","Stroman, Vandervort and Berge",04/14/2018,96.31
"Purdy, Abbott and Sipes",Sawayn-Nader,04/27/2018,51.55
"VonRueden, Nikolaus and Zemlak",Mante Inc,05/24/2018,134.14
Gutkowski Group,"Cronin, Fahey and Waelchi",04/26/2018,247.65
Padberg and Sons,Marks Inc,04/18/2018,53.21
"Streich, Windler and Weimann",Bauch LLC,04/03/2018,220.23
Paucek-Altenwerth,"Jenkins, Kris and Kling",05/10/2018,175.56
"Ledner, Doyle and Swift",Block and Sons,04/20/2018,55.99
Mertz and Sons,Ledner-Osinski,05/05/2018,242.86
Vandervort-Armstrong,Harvey-Bailey,05/13/2018,125.68
"Rosenbaum, Kuhlman and Littel","White, Kemmer and Kautzer",04/16/2018,106.04
"Rau, Douglas and Wyman",Jaskolski and Sons,06/12/2018,223.71
"Graham, Lind and Bechtelar","Jacobi, Prosacco and Schiller",05/13/2018,94.05
"Considine, Weissnat and Stanton",Pfeffer-Mills,04/01/2018,245.75
"Satterfield, Powlowski and Haag",Howell-Braun,04/22/2018,200.48
"Lebsack, Dicki and Corwin","Hahn, Abshire and Jast",04/08/2018,216.25
"Bednar, Leannon and Langosh",Gerlach-Friesen,05/27/2018,63.58
"Bailey, Sawayn and Schulist",Lueilwitz and Sons,05/29/2018,117.07
Schoen-Torp,"Hansen, Glover and Witting",05/14/2018,66.10
Koelpin-Bruen,"Windler, Fritsch and Erdman",06/26/2018,220.91
Hintz-Reichel,"Jast, Kub and Vandervort",05/08/2018,226.43
"Boehm, Lockman and Goyette","Hoppe, Lesch and O'Conner",04/03/2018,201.41
Hartmann Group,Boyle-Herman,05/25/2018,194.41
Lemke and Sons,"Steuber, Stehr and Stehr",05/02/2018,121.86
Johnston Group,Schiller LLC,04/12/2018,99.82
Heaney-Koelpin,"Gislason, Hackett and Kulas",05/02/2018,150.30
Hirthe-Tromp,Streich LLC,06/18/2018,231.08
"Kassulke, Wunsch and Hoppe",Turner-Padberg,04/09/2018,199.29
Rogahn-Lynch,"Leffler, Hills and Witting",06/15/2018,151.36
Champlin LLC,"Auer, Haag and Murazik",05/24/2018,244.67
Ullrich Inc,Marquardt Inc,04/25/2018,226.88
"Olson, Brown and Block","Kuphal, Tillman and Barrows",06/08/2018,233.67
"Hickle, Robel and Sawayn",Cremin-Swaniawski,06/07/2018,172.91
Fritsch-Hansen,Schimmel LLC,04/07/2018,213.85
Bruen-Mayer,Tromp-Wisoky,04/06/2018,183.64
Ledner-Donnelly,Schoen Group,04/14/2018,63.73
"Walker, Robel and Rutherford",Fadel Inc,04/15/2018,178.59
Jakubowski-Dickens,Medhurst-Sanford,06/20/2018,59.24
Batz-Wiza,Welch Group,05/17/2018,161.80
"Monahan, Ebert and Wyman","McCullough, Reynolds and Cormier",06/22/2018,82.83
"Bode, Marquardt and Stracke","Toy, Donnelly and Bode",05/04/2018,241.84
Kunde-Wilkinson,Pacocha-Cummings,05/21/2018,117.08
"Sporer, Lind and Grady","Mitchell, Heaney and Klocko",04/20/2018,99.52
Rolfson LLC,Ferry-Bosco,06/11/2018,145.78
Armstrong LLC,Zulauf Inc,05/17/2018,63.77
Kuphal-Kulas,Rolfson Inc,04/23/2018,202.89
Schoen-Lakin,Kub LLC,05/12/2018,51.47
Mayert LLC,Gibson-Haley,05/14/2018,100.15
Altenwerth-Marvin,"Nienow, Shanahan and Brakus",05/27/2018,65.60
Hettinger-Rice,"Dach, Simonis and Murazik",05/02/2018,142.60
Donnelly Group,Spinka Group,04/15/2018,38.95
Hartmann-Fahey,Carter Group,04/03/2018,157.60
Schamberger-Emmerich,Beatty-Yundt,06/06/2018,192.24
Dare-Fay,Brakus LLC,04/15/2018,245.65
"Wintheiser, Lang and Hickle",Fisher-Wiza,05/22/2018,167.45
West-Bashirian,Walker-Stanton,05/15/2018,243.23
Kautzer LLC,"Gleichner, Roob and Hahn",04/22/2018,119.72
Harvey-Hermiston,Gibson LLC,05/09/2018,111.93
Wilkinson LLC,Spinka-Wehner,05/15/2018,136.91
"Hilpert, Stroman and Hand",Harvey-Zemlak,05/19/2018,153.66
Wisoky Group,"Cole, Hayes and Trantow",06/01/2018,217.79
Koss Group,Beer-Bednar,04/24/2018,59.59
Leannon-Herzog,"Reichel, Wehner and McKenzie",06/08/2018,164.56
Langosh Inc,Blanda-Pfannerstill,05/12/2018,186.06
Stanton-Reynolds,"Schamberger, Heaney and Lind",06/29/2018,186.70
Bailey Group,Kozey LLC,05/15/2018,82.42
Mayert-Spencer,"Kiehn, Ryan and Luettgen",06/16/2018,235.62
Blick-Kunde,Turcotte Group,05/02/2018,102.14
Monahan LLC,"Schimmel, Graham and Koss",04/05/2018,202.13
Muller-Koepp,Emard-Larson,06/01/2018,238.47
"Mills, Reichert and Walker",Bosco-Dibbert,05/18/2018,81.87
"Haley, Crooks and Stroman",Feeney Inc,05/28/2018,92.46
Waelchi-Stark,Mayer Group,06/10/2018,193.86
Mosciski-Greenfelder,"Ward, Denesik and Tremblay",05/01/2018,109.63
Schaden Group,"Franecki, Spencer and Reichert",05/23/2018,178.70
Effertz-Herzog,"MacGyver, Mohr and Sawayn",06/10/2018,220.28
"Monahan, Mayert and Rosenbaum",Orn-Vandervort,04/14/2018,237.55
Luettgen and Sons,"Braun, Smitham and Hartmann",06/27/2018,203.71
"Boyer, Brakus and Cole",Gislason-Baumbach,05/28/2018,45.92
"Witting, Stracke and Kuhic","Homenick, Lehner and Schmeler",04/10/2018,223.27
Armstrong-Zboncak,Hermann-Roob,06/28/2018,180.74
Cassin-Connelly,"Braun, Schumm and Davis",06/22/2018,109.61
Lang LLC,Kessler and Sons,04/11/2018,113.65
"Moore, Nader and Heidenreich",Hessel-Abshire,04/01/2018,87.61
Bashirian Inc,Pacocha-Pollich,04/15/2018,48.16
Sipes-Walsh,"Rice, Bode and Fritsch",04/13/2018,111.20
Goldner and Sons,"Grimes, Gerlach and McClure",06/23/2018,112.96
Feil Inc,Gorczany-Morissette,05/06/2018,76.98
Gislason-Denesik,Prosacco-Jakubowski,05/09/2018,143.86
Moore-Pfannerstill,"Upton, Dickens and Rau",05/08/2018,73.62
Nader-Senger,"Waters, Lowe and Beatty",06/05/2018,154.82
Kshlerin-Huels,"Bergnaum, Bruen and Schoen",05/13/2018,175.29
Koss LLC,"Reinger, West and Cormier",04/03/2018,67.63
Runolfsdottir-DuBuque,"Schmitt, Hirthe and Jacobs",05/07/2018,345.81
Conroy Group,"Prohaska, McGlynn and Bode",06/09/2018,128.74
Hammes-Ritchie,Schaefer-Becker,04/24/2018,209.27
Thiel Group,"Jerde, Howell and Cummerata",05/23/2018,145.15
"Nienow, Labadie and Cartwright",Rolfson Inc,04/01/2018,247.41
"Turcotte, Murazik and Parker",Heller and Sons,05/14/2018,57.92
Sauer-Cremin,Dach Inc,06/04/2018,50.24
"Gorczany, Runolfsson and Bernhard",Davis-Herzog,06/01/2018,143.93
Green-Howe,Willms-Breitenberg,04/19/2018,183.40
"Lubowitz, Stiedemann and McCullough","Bogisich, Kuhn and Marks",05/07/2018,248.37
Upton-Rice,Cruickshank-Kuvalis,04/15/2018,241.23
Hamill-Weimann,Upton-Collier,05/03/2018,218.16
"Mraz, Dicki and Marks","Braun, Hermiston and Stanton",06/21/2018,224.29
Hodkiewicz-Beahan,Mayer-Koss,04/17/2018,94.34
"Cronin, Romaguera and Kuvalis",Schmidt Inc,04/24/2018,162.56
Corwin-Blick,Ruecker-Kreiger,05/05/2018,202.00
"Dach, Hauck and Dooley","Feil, Hayes and Breitenberg",06/21/2018,160.53
Turcotte-Pagac,Dickinson-Rolfson,05/01/2018,185.81
Gottlieb LLC,"Thiel, Bailey and Gerlach",04/17/2018,188.36
Goodwin Inc,Williamson-Larkin,05/08/2018,233.47
Marquardt-Raynor,Bogan LLC,04/16/2018,165.19
"Runte, O'Hara and Schiller",Boyer and Sons,06/17/2018,71.07
"Dare, Bechtelar and Bahringer",Kozey-Cormier,04/23/2018,118.03
Beahan Group,Turner-Crona,04/07/2018,174.58
Abernathy-Walter,Maggio-Feeney,04/14/2018,195.41
Konopelski Inc,Watsica LLC,04/18/2018,146.92
"Bernhard, Miller and Braun",Pfannerstill LLC,06/29/2018,84.27
"Buckridge, Farrell and Beer",McCullough-Watsica,06/10/2018,136.11
Jaskolski Group,Roberts Inc,05/07/2018,44.79
Balistreri and Sons,"Morar, Conn and Franecki",06/05/2018,179.84
Feest LLC,Crooks-Medhurst,05/23/2018,114.79
"Haag, Larson and Beier",Kiehn LLC,04/13/2018,148.73
Blanda-Breitenberg,Maggio-Tremblay,06/22/2018,90.14
"O'Hara, Skiles and Mohr","West, Boyer and Wiegand",04/28/2018,200.50
"Rosenbaum, VonRueden and Gaylord",Cronin and Sons,05/01/2018,40.13
"Luettgen, Terry and Hills","Klocko, Nikolaus and Grimes",04/24/2018,136.99
Spencer LLC,Vandervort-Bins,05/28/2018,47.23
Collier-Lynch,Towne-Witting,06/07/2018,129.28
Ward-Morissette,Watsica-Gibson,04/14/2018,170.08
"Stracke, Adams and Ratke",Reynolds and Sons,05/01/2018,109.57
Goldner Group,"Gleason, Stokes and Hegmann",04/07/2018,185.45
"Corkery, Dickinson and Lesch","Spinka, Sauer and Mertz",04/30/2018,545.97
Bailey Inc,Collins-Berge,06/04/2018,158.30
"Schmidt, Cummerata and McKenzie",Marquardt Inc,06/10/2018,156.81
Langworth-Kovacek,"Kub, Gerlach and Hansen",05/21/2018,135.72
Mueller Group,Kilback-Bruen,05/09/2018,201.35
King-Schmeler,"Dickens, McGlynn and Cronin",06/17/2018,42.54
"Schultz, Monahan and Kozey","Lemke, Koch and DuBuque",04/03/2018,221.91
Hermiston-Powlowski,"Sawayn, Reynolds and Roob",06/09/2018,68.34
Gorczany LLC,"DuBuque, Boehm and Grimes",06/23/2018,39.14
"Heathcote, McClure and Heathcote",Gibson-Kiehn,05/26/2018,188.15
Mueller-Champlin,"Torphy, Dooley and Schmitt",05/03/2018,215.03
"Mraz, Feil and Marks","Sanford, Mueller and Langosh",06/23/2018,119.00
Bruen-Torp,Tillman Inc,05/15/2018,236.86
"Kunde, Schamberger and Labadie","Kub, Kirlin and Herzog",05/05/2018,70.40
Franecki-Kozey,Frami-Pacocha,06/29/2018,75.85
"Gorczany, White and Dicki","Beer, Rippin and Tillman",04/10/2018,179.84
Rosenbaum LLC,Walter-Shanahan,05/28/2018,134.53
Muller Group,"Brakus, Beier and Murray",06/24/2018,236.75
"Hilll, Labadie and Auer",Heidenreich Group,04/23/2018,57.25
Sawayn-Franecki,Kassulke and Sons,05/14/2018,180.45
Mueller LLC,Larson-Prosacco,06/25/2018,45.66
Schroeder-Murphy,King Inc,05/12/2018,221.91
Koelpin Inc,Welch LLC,06/24/2018,172.82
"Leannon, Herman and Vandervort",Powlowski-Lakin,05/02/2018,235.82
Schiller and Sons,Walker LLC,04/08/2018,48.18
"Schuppe, Stoltenberg and Ankunding",Stehr Inc,05/04/2018,97.84
Marks LLC,"Brakus, Torp and Yost",06/14/2018,98.86
"Hayes, Ferry and Predovic","Rodriguez, Reichel and Satterfield",06/11/2018,221.00
"Wilderman, Gaylord and Schaefer",Grimes Group,05/27/2018,52.30
"Schowalter, Koelpin and Ondricka",Stokes LLC,04/25/2018,175.72
Armstrong Inc,"Herzog, Beatty and Kautzer",04/07/2018,37.53
Bayer-Koss,"McLaughlin, Hettinger and Kautzer",05/02/2018,232.39
Medhurst Inc,Williamson and Sons,04/22/2018,68.05
Yost Inc,"Davis, Ondricka and Bruen",05/10/2018,180.14
Mayer-Gutmann,"Casper, Gislason and Gerhold",05/07/2018,177.11
"Mayert, Rogahn and Brown",Kirlin and Sons,05/27/2018,132.12
Mann-Prohaska,"White, Raynor and Howe",05/20/2018,127.75
Kub-Feeney,Kreiger-Donnelly,05/11/2018,167.84
Sauer LLC,"Pagac, Larson and Block",05/07/2018,148.04
O'Kon-Stiedemann,Torphy and Sons,04/16/2018,218.16
Rohan-Greenfelder,"Batz, Daniel and Welch",06/28/2018,188.60
Nienow and Sons,Will Inc,04/03/2018,153.79
Osinski Inc,Russel-Murray,04/08/2018,184.95
"Grant, Price and Walsh",Bode Group,04/12/2018,208.38
"Stiedemann, Pacocha and Kiehn",Keeling-Hagenes,05/02/2018,174.17
Douglas-Kris,Rath LLC,05/05/2018,202.36
Hackett LLC,"Veum, Willms and Bogisich",05/05/2018,99.46
Breitenberg Group,"O'Keefe, McCullough and Terry",06/20/2018,213.88
"Batz, Stoltenberg and Nader",Stehr-Boehm,05/27/2018,56.44
Johns and Sons,Fadel-Lindgren,06/01/2018,189.96
Hintz Group,Rath Inc,04/02/2018,204.88
Wilkinson and Sons,Durgan-Heaney,04/05/2018,103.26
Berge-Swaniawski,Beahan-Hermiston,06/26/2018,48.24
Crist-Jacobi,"DuBuque, Russel and Welch",05/29/2018,225.58
Prohaska-West,Dicki Group,05/23/2018,178.73
Beer-Casper,Walker Group,05/27/2018,246.58
Runolfsson-Kreiger,Marquardt-Leffler,04/08/2018,170.62
"Wolff, Ferry and Stoltenberg",Kuvalis and Sons,04/12/2018,215.23
Wisoky Group,Rowe Inc,05/22/2018,168.00
Farrell-Hilpert,"Hills, Steuber and Hessel",05/09/2018,152.50
Walsh and Sons,"Kessler, Sawayn and Cartwright",04/26/2018,198.22
Cummerata LLC,Wilderman Inc,04/06/2018,79.30
Abbott-Blanda,"Steuber, Miller and Lakin",04/06/2018,80.14
"Dickens, Johnston and Kris",Schmeler and Sons,04/16/2018,60.88
"Rippin, Bayer and Tromp",Schinner-Klein,05/26/2018,121.79
"Jacobson, Ondricka and Osinski",Zieme-Wolf,06/27/2018,235.40
Sipes-Trantow,Mueller-Hackett,05/23/2018,46.44
Blick-O'Hara,"Carroll, Conroy and Waelchi",05/02/2018,228.53
"Osinski, Kub and Kunde","Keebler, Feeney and Watsica",05/07/2018,56.17
McCullough-Labadie,"Kirlin, Emmerich and Mueller",06/12/2018,81.79
Lebsack Group,Herman LLC,05/17/2018,224.01
"Gaylord, Deckow and Morar","Lind, Heidenreich and Koepp",05/06/2018,166.93
"Goodwin, Mayert and Mann","Corkery, Strosin and Wisoky",04/05/2018,86.04
"Cassin, Jacobs and Barrows",McCullough-Hessel,05/26/2018,67.52
Fisher Group,Fadel LLC,05/10/2018,130.34
Walker-Okuneva,Keeling LLC,05/23/2018,138.18
"Dibbert, Bosco and Swaniawski","Dooley, Jast and Block",06/27/2018,44.03
Balistreri-Mills,Schuster and Sons,06/12/2018,154.43
Powlowski-Murray,Wunsch-Kreiger,06/11/2018,171.20
Armstrong-Pagac,"Aufderhar, Jakubowski and Spencer",05/07/2018,179.72
"Boyle, Fay and Rau",Roob and Sons,05/28/2018,155.98
Maggio Group,Lindgren-Schmidt,05/18/2018,83.58
"Maggio, Ondricka and Spencer",Littel-Kuvalis,05/17/2018,106.30
"Turner, Hilpert and Harvey",Johns LLC,06/22/2018,49.33
Cole and Sons,Rice and Sons,04/10/2018,112.99
Olson-Haley,"Schroeder, Skiles and Wiza",04/11/2018,206.77
"Ziemann, Bartell and Bailey",Simonis-Mosciski,06/08/2018,46.84
"Brown, Wintheiser and Ledner",Rogahn-Quitzon,05/23/2018,212.32
"Murphy, D'Amore and Kutch",Legros-Blick,05/17/2018,216.99
"Hills, Casper and Hayes","Pagac, Schimmel and Turcotte",05/01/2018,131.16
Auer LLC,Howell and Sons,05/11/2018,61.99
Grant-Murazik,"Leuschke, Farrell and Yost",04/04/2018,92.02
Howe Inc,"Kozey, Hirthe and Bernhard",04/27/2018,234.75
"Bruen, Kozey and Wisozk","Bednar, Carroll and Jaskolski",04/21/2018,235.15
Nikolaus-Conn,"Streich, Prosacco and Leffler",05/04/2018,229.31
Will LLC,Hackett Inc,05/02/2018,171.73
Stehr LLC,Waelchi Inc,05/22/2018,52.90
"Altenwerth, Stokes and Dicki","Ondricka, Grady and Volkman",06/01/2018,155.30
Kohler-Feest,Ferry and Sons,04/09/2018,50.58
Hoppe LLC,Upton-Hackett,04/12/2018,172.48
Bartell Inc,"Rolfson, Koss and Kuhic",05/14/2018,189.27
Bosco LLC,"Stamm, Lakin and Schimmel",06/26/2018,230.37
"Schulist, Labadie and Hickle",Kerluke Group,05/16/2018,70.79
Considine LLC,Runte-Satterfield,06/04/2018,186.06
Beatty-Sauer,Jast-Crona,06/12/2018,242.07
Zieme Inc,Schmitt-Kessler,04/06/2018,217.45
Mueller-Hettinger,Heaney LLC,05/16/2018,173.52
Grady Group,"Rolfson, Wilkinson and Mitchell",04/04/2018,130.65
"Gutmann, Kassulke and Ferry",Kreiger-Senger,04/27/2018,207.68
Grimes Group,"Ebert, Hackett and Gleason",06/25/2018,213.64
Corkery LLC,Schoen LLC,05/17/2018,60.56
"Fay, Windler and Willms",Bergstrom and Sons,06/02/2018,55.91
Kovacek-Hodkiewicz,Bailey-Powlowski,05/01/2018,106.67
Mayer-Donnelly,"Blanda, Glover and Schulist",05/16/2018,53.06
McLaughlin-Schaefer,Schaefer and Sons,04/29/2018,174.54
Wolff-Hammes,Gerhold-Wilderman,05/16/2018,224.53
Hudson Inc,D'Amore LLC,06/26/2018,216.08
Anderson Group,Cassin-Pouros,04/16/2018,219.87
Wolf-McDermott,Reynolds Group,06/25/2018,153.22
"Rippin, Macejkovic and Koelpin",Hartmann Group,05/02/2018,248.77
Lebsack-McLaughlin,"Jacobson, Stehr and Zulauf",04/21/2018,127.36
Howe-Koelpin,Johnston-Zulauf,06/13/2018,163.91
Schroeder-Heidenreich,Mills and Sons,06/01/2018,113.66
Kozey Group,"Shields, Terry and McDermott",06/05/2018,106.74
"Rath, Christiansen and Rolfson",Beahan LLC,05/02/2018,223.27
Dicki Group,Boyle-Ruecker,04/14/2018,167.76
"Dietrich, Nitzsche and Maggio",Toy-Wehner,05/26/2018,61.75
Hegmann-Haag,Kozey and Sons,04/28/2018,128.26
Johns-Rempel,Dooley Inc,05/03/2018,177.54
Schowalter-Rodriguez,Adams-Kessler,05/20/2018,57.07
"Gutkowski, Marvin and Hand","Koelpin, Crist and Bailey",06/04/2018,105.87
Spencer Inc,"Rath, Hickle and Gorczany",05/02/2018,69.30
"Greenholt, Miller and Schroeder",Schuppe and Sons,04/11/2018,114.65
Kuphal-Johnston,Gottlieb Inc,05/03/2018,129.55
"Rowe, Powlowski and Russel",Shanahan-Simonis,06/06/2018,74.00
Wintheiser-Block,Predovic Group,05/05/2018,227.39
Lowe Inc,"Schuppe, Bruen and Mayert",04/20/2018,154.73
Mills and Sons,Schinner LLC,06/21/2018,232.30
Kohler-Renner,Olson Inc,06/05/2018,212.38
Marks-Lehner,"Jaskolski, Paucek and Kovacek",06/08/2018,80.14
Williamson-Von,Waters-Bernier,06/04/2018,145.07
Reichel-Schumm,Lakin-Sporer,05/01/2018,154.08
Kreiger Group,Auer-Schmeler,05/20/2018,62.28
Kuhic Group,Russel LLC,06/22/2018,210.78
Kub Inc,Klocko Inc,06/16/2018,102.87
"Schaden, Goldner and Armstrong",Christiansen-Schmidt,06/14/2018,248.78
Frami Group,"Romaguera, Hammes and Leannon",04/22/2018,228.27
Flatley-Halvorson,Walker Group,04/07/2018,230.73
Langworth-Ritchie,Morissette Inc,04/05/2018,83.28
Treutel-Mertz,Kautzer Inc,05/10/2018,203.96
"Littel, McGlynn and Heidenreich",Collins and Sons,04/28/2018,153.76
Anderson-Leffler,Sanford Inc,04/06/2018,161.64
Hermann-Bergnaum,Marvin Inc,05/09/2018,105.31
Boyer Group,"Kuvalis, Shanahan and Strosin",05/17/2018,179.76
"Huels, Turcotte and O'Kon",Howe and Sons,06/08/2018,45.90
Reilly-Beatty,"Welch, Mosciski and Purdy",06/02/2018,123.32
Klocko Group,Lemke-Moen,04/04/2018,46.93
Lakin-Prosacco,"Bruen, Bashirian and Wiza",04/26/2018,125.21
Bernier-Williamson,Hamill Group,06/08/2018,193.20
Wilkinson-Larson,"Aufderhar, Greenholt and Waelchi",05/02/2018,163.27
O'Reilly Group,Cronin-Olson,06/01/2018,139.29
Jacobson and Sons,Jacobi-Blick,04/02/2018,196.26
Fay-Funk,Price Inc,05/21/2018,46.73
Champlin-Hills,"Erdman, Schmitt and Herman",05/19/2018,143.37
Fisher-Ruecker,"Erdman, Waelchi and Balistreri",04/25/2018,215.12
"Kreiger, Casper and Kulas",Schinner Inc,04/27/2018,95.09
"Roberts, Medhurst and Wolf",Connelly-McGlynn,05/24/2018,177.49
"Frami, Wiza and Huel","Dibbert, Quitzon and Emard",04/17/2018,171.04
Pfeffer Inc,Auer-Ullrich,05/14/2018,69.27
Veum-Schmeler,"Moen, Schinner and Greenfelder",04/20/2018,201.21
Macejkovic-O'Conner,"Sipes, Gaylord and Cole",06/19/2018,205.39
Mohr-Hilll,"O'Conner, Gusikowski and Frami",05/23/2018,111.91
"Zboncak, Smitham and Konopelski",O'Connell and Sons,04/08/2018,151.58
Feeney-Brakus,Stroman-Hauck,04/14/2018,73.68
"Hackett, Gorczany and Ullrich",Turner-Hilll,05/25/2018,111.24
Franecki LLC,Stokes Inc,05/11/2018,135.50
"Cummings, Schultz and Hagenes",Bode Group,04/16/2018,203.26
"Schoen, Corkery and Eichmann",Schuppe-White,06/13/2018,148.38
"Kutch, Toy and Roberts",Cremin-Hackett,04/14/2018,92.61
"Borer, Champlin and Bernier",Grady Group,06/18/2018,47.78
"Morar, Frami and Lynch",Willms-Morar,06/08/2018,86.09
Morissette Inc,"Kreiger, Heathcote and Wisozk",04/08/2018,131.37
"Considine, Price and Cummerata","Herman, Zieme and Friesen",05/08/2018,203.27
Kris-Moen,Gleason LLC,04/18/2018,70.97
Quigley and Sons,"Lind, Labadie and Terry",05/20/2018,120.34
"Cassin, Littel and Zboncak","Kuphal, VonRueden and Stroman",04/07/2018,185.14
Kohler LLC,Ruecker Inc,04/22/2018,54.07
MacGyver Inc,Dibbert-Effertz,05/27/2018,83.24
Klein-Murray,Stokes Inc,06/10/2018,180.82
"Conn, Fisher and Cummerata",VonRueden-Krajcik,06/15/2018,98.67
Schultz-MacGyver,Kassulke Inc,04/19/2018,94.59
"Mayert, Prosacco and Hills",Roberts-Schaefer,05/09/2018,98.58
Jacobson-Mraz,Rutherford-Hane,05/06/2018,185.39
Halvorson-Howe,Wunsch-Kling,06/12/2018,204.32
Will and Sons,"Botsford, White and Bergstrom",06/15/2018,223.02
Harber Group,Kihn Group,04/29/2018,50.98
"Shanahan, Glover and Lesch","Lindgren, Heller and Ondricka",06/14/2018,241.23
Heathcote-White,Weimann Group,05/08/2018,171.74
Heidenreich LLC,"Dickinson, Powlowski and Nikolaus",05/20/2018,195.71
Graham-Senger,O'Hara-Roberts,04/15/2018,62.42
"Graham, Huel and Mohr",Williamson-Kozey,06/01/2018,53.32
"Schaden, Herman and Hyatt",Barton-Crist,04/26/2018,210.56
"Rutherford, Rolfson and Tromp","Waelchi, Dach and Prosacco",04/07/2018,105.20
"Von, Schumm and Swaniawski",White LLC,06/03/2018,139.73
"Gerlach, Durgan and Nader","VonRueden, Konopelski and Nader",06/07/2018,122.39
"Morar, Bailey and Jacobs",Muller LLC,06/05/2018,37.89
Stiedemann-Heller,Gerhold-Stoltenberg,04/21/2018,176.66
"Hirthe, Zboncak and Fisher",Kuphal LLC,05/13/2018,225.99
"Romaguera, Hand and Raynor","Weimann, Kreiger and Beier",06/13/2018,39.11
Renner Inc,"Ortiz, Roberts and Jenkins",04/15/2018,105.88
Kohler-Sipes,"Botsford, Bahringer and Brakus",05/19/2018,131.75
Harber-Hessel,"Olson, Runolfsson and Harris",06/14/2018,159.20
Armstrong Inc,Kovacek-Medhurst,04/03/2018,147.42
Champlin-Lebsack,Labadie-Beier,06/10/2018,182.45
"Cremin, Mayer and Stokes",Adams and Sons,04/28/2018,86.82
"VonRueden, Beer and Gleichner",Gleason-Mante,06/17/2018,172.79
Carter Group,MacGyver LLC,06/16/2018,105.44
Hirthe Group,Gutmann-Bartell,06/25/2018,183.36
Smith-Robel,Strosin Inc,06/12/2018,165.73
Gottlieb-Hintz,Schuppe-Murray,05/28/2018,74.41
Bogan-Casper,"Ledner, Crooks and Gulgowski",06/13/2018,85.85
Christiansen-Schoen,Oberbrunner-Mraz,06/07/2018,166.08
"Steuber, Corkery and Schoen","Keeling, Gislason and Batz",05/25/2018,208.77
"White, Stroman and Rohan",McDermott-Schuppe,04/04/2018,172.39
"Schiller, Altenwerth and Langworth",Bergnaum and Sons,05/14/2018,140.72
Schmeler-Parker,Lynch and Sons,06/27/2018,243.74
"Boyle, Rau and Effertz","Boehm, Reilly and Ondricka",04/01/2018,157.86
"Kuhlman, Skiles and Bogan","Harber, Mayert and Bradtke",05/19/2018,225.05
Jacobs-Bergnaum,Gutkowski-Nikolaus,06/26/2018,82.73
"Mueller, Schmeler and Boehm",Klein-Hansen,04/29/2018,121.26
Shields Inc,Effertz LLC,04/25/2018,95.39
Dibbert LLC,Kessler Inc,04/30/2018,70.06
"Konopelski, Miller and Schuster",Franecki-Prohaska,06/10/2018,238.16
"Heidenreich, Feil and Jenkins","Collier, Konopelski and Cronin",05/05/2018,120.76
McKenzie Group,Rohan Group,06/21/2018,125.66
Littel and Sons,Beer-Toy,05/16/2018,99.85
Kovacek-Gaylord,Metz-Gerlach,06/13/2018,211.88
"Rath, Wunsch and Cummings",Swaniawski LLC,05/22/2018,45.52
Waters and Sons,Hauck-O'Hara,04/13/2018,224.00
"Armstrong, Dietrich and Farrell","Lubowitz, Gutkowski and Green",04/03/2018,149.44
"Reilly, Aufderhar and Jaskolski",Ortiz-Mueller,05/18/2018,198.52
"Marvin, Hirthe and Prohaska","Fisher, Sipes and Barrows",04/16/2018,50.20
"Donnelly, Wolf and Zulauf",Schoen-Lemke,04/30/2018,62.83
"Hermiston, Dach and Fisher",Walter-Bauch,04/06/2018,106.05
"Jacobson, Leuschke and Langworth","Sanford, Toy and Klein",05/04/2018,123.77
Franecki-Nolan,Hammes Inc,05/13/2018,213.36
"Stanton, Stoltenberg and Wiza",Glover LLC,06/17/2018,113.08
Mills-Haley,Ward LLC,04/16/2018,175.93
"Baumbach, Brown and Dooley",Stanton-Pfeffer,06/19/2018,134.38
Sauer-Hackett,"Wintheiser, Rath and Roob",06/13/2018,187.95
"Johns, Schamberger and Brakus",Bogan LLC,04/06/2018,106.01
Pollich LLC,Cruickshank Group,04/24/2018,60.29
"Romaguera, Prohaska and Harber","Brakus, Williamson and Hintz",06/23/2018,217.79
Kuhn-Bayer,"Romaguera, Nitzsche and Pacocha",05/01/2018,156.17
Cartwright-Yundt,Powlowski-Lynch,05/21/2018,60.00
"Walker, Collins and Feil","Strosin, Bailey and Block",04/17/2018,72.30
Lockman-Ledner,Heller-Aufderhar,05/04/2018,149.43
Jast LLC,Conroy Inc,05/12/2018,207.84
Swaniawski Group,"Dietrich, Hane and Pacocha",05/11/2018,200.15
Champlin-Collier,Windler and Sons,05/21/2018,129.88
Jacobson LLC,Leuschke-Bauch,05/12/2018,69.80
Graham Group,Strosin-Gutkowski,06/09/2018,43.26
Collier-Stoltenberg,Hirthe Group,04/24/2018,101.59
Pfeffer-Marvin,Kuhlman and Sons,05/29/2018,144.40
Brekke LLC,Lockman and Sons,04/27/2018,119.02
"Schamberger, Baumbach and Gottlieb",Monahan-Sawayn,04/15/2018,76.94
"Kertzmann, Cartwright and Goodwin","Labadie, Prosacco and Lemke",05/19/2018,46.74
Streich Group,"Johns, O'Hara and Ondricka",04/08/2018,204.94
Rogahn-Conroy,"MacGyver, Bernhard and Dickens",06/10/2018,212.99
Wuckert-MacGyver,Torp-Sipes,06/15/2018,248.39
Collins-Hills,Jacobi Group,06/06/2018,139.56
Thiel and Sons,"Simonis, Price and Denesik",05/11/2018,212.13
Conroy Group,"Cremin, Price and Hettinger",05/25/2018,83.11
Stiedemann Group,Hansen LLC,06/27/2018,201.05
Walter-Heller,Grimes-Stokes,05/25/2018,116.74
"Smitham, Denesik and Koch",Greenholt-Wehner,04/05/2018,87.56
Wolff Group,"Kihn, Schoen and Gleason",05/15/2018,80.79
Koss Inc,Mann and Sons,05/15/2018,173.16
Herman-Franecki,Maggio Inc,05/02/2018,224.61
Collins LLC,Schiller Inc,04/14/2018,226.04
"Legros, Hessel and Ledner","Farrell, Abernathy and Hand",04/01/2018,187.56
Grady-Kuhic,Hahn-Hammes,06/15/2018,74.67
Olson Inc,"Turner, Mertz and Wyman",06/24/2018,101.52
Okuneva-Beahan,Jacobi LLC,06/20/2018,161.50
"Rice, Lakin and Metz","Cummerata, Zboncak and Wolff",05/17/2018,248.74
"Mayer, Glover and Rath",Nitzsche-Lindgren,06/27/2018,212.56
Moore-Ortiz,Heidenreich Inc,04/12/2018,55.37
Kshlerin Inc,Bruen Group,04/28/2018,83.68
O'Kon-Kohler,Heaney Inc,05/16/2018,114.48
Bosco Inc,"Kihn, Borer and Dickinson",05/17/2018,44.05
Green Group,Borer and Sons,05/04/2018,248.36
Bauch-Murphy,"Larson, Herman and Nikolaus",04/17/2018,66.58
Walker and Sons,Yost Group,04/02/2018,244.40
"Rosenbaum, Nitzsche and Brown",Hermiston-Hills,06/21/2018,148.60
Stamm Group,Effertz Group,04/23/2018,79.22
Corkery LLC,"Spinka, Champlin and Rath",06/29/2018,61.03
Reinger-Sporer,Berge LLC,05/15/2018,154.14
"Stracke, Collier and Greenholt",Dickinson LLC,05/14/2018,175.34
Borer-Sanford,Kovacek LLC,05/19/2018,236.34
Morissette Inc,Moen-Strosin,05/16/2018,230.34
"Wolff, Kilback and Langworth",Schaefer-Kovacek,04/22/2018,196.59
"White, Torp and Bernhard","Carter, Prohaska and Fahey",06/28/2018,47.77
"Runolfsson, Bauch and Beatty",Cummerata and Sons,05/01/2018,207.17
Luettgen Inc,Waters and Sons,06/27/2018,95.40
"Harris, Waters and Altenwerth","Watsica, Pollich and Rowe",05/11/2018,40.29
"Champlin, Terry and Bins",Bode-Bernhard,04/03/2018,94.21
Blick-Littel,"Mayer, Weissnat and Skiles",06/19/2018,104.21
Langworth-Grant,"Hane, West and Nader",05/02/2018,134.59
Reilly Group,Abernathy-Orn,04/22/2018,84.19
Bergstrom Inc,"West, Lowe and Predovic",05/06/2018,85.52
Hessel-Lockman,Gutkowski-Lueilwitz,04/13/2018,83.07
"Schimmel, Simonis and Hegmann",Ernser Inc,05/14/2018,41.28
Langworth Inc,"Kilback, Ward and Blick",04/09/2018,180.09
"Lubowitz, Lindgren and Yost",McLaughlin-Rogahn,05/26/2018,137.42
Bashirian-Rath,Hegmann LLC,06/16/2018,174.03
Homenick-Nicolas,Spinka and Sons,06/18/2018,79.98
"Von, Rice and Dietrich",Conroy-Mitchell,06/07/2018,172.93
O'Reilly-Senger,"Bauch, Wilderman and Herman",06/28/2018,115.61
Parisian-Crooks,Bahringer Group,05/14/2018,241.88
"Nicolas, Bauch and Rowe",Torp-Labadie,05/19/2018,151.42
"Harber, Goyette and Zemlak",Bartoletti Inc,05/18/2018,61.89
"Pagac, Fahey and Bogan","Kshlerin, Conn and Wisozk",06/21/2018,233.79
Nikolaus-Feest,Kovacek LLC,04/08/2018,216.20
Breitenberg and Sons,Adams-Ernser,06/06/2018,89.05
Stamm-Kuhic,Watsica LLC,06/14/2018,132.70
Hane LLC,Emmerich LLC,06/25/2018,162.81
"Farrell, Harris and Schuppe",Abshire Inc,06/21/2018,230.61
Nikolaus-Grant,Beier-Metz,06/02/2018,238.75
"Gerlach, Mayer and Strosin",Schamberger Inc,05/12/2018,124.46
Donnelly Inc,Greenfelder Group,04/09/2018,49.17
Will Group,"Moore, Howe and Sipes",04/11/2018,139.01
"Casper, Cremin and Ryan",Koss-Stroman,04/15/2018,110.10
"Robel, Sipes and King",Zulauf and Sons,05/24/2018,198.04
"Reilly, Lockman and Kuphal","Cole, Donnelly and Cremin",06/02/2018,198.29
"Mante, Reichert and Bradtke",Mante-Zemlak,06/10/2018,48.12
Ledner and Sons,"Morar, Rowe and Jacobs",04/13/2018,231.48
"Corwin, O'Keefe and Hermann",Bosco Group,05/13/2018,226.65
"Borer, Mraz and Bayer","Bradtke, Swift and Farrell",05/18/2018,211.67
"Gulgowski, Ward and Dare",Cartwright and Sons,05/27/2018,114.80
"Lueilwitz, Olson and Fisher","Jenkins, Kohler and Jaskolski",05/24/2018,216.73
Grimes Group,Hegmann and Sons,04/02/2018,138.70
Zieme Inc,Renner LLC,04/16/2018,48.58
"Feeney, Bernhard and Gusikowski",Block-Langosh,05/30/2018,108.78
Dooley Inc,Bartoletti LLC,04/13/2018,122.44
Wyman-Feest,Prohaska Inc,04/03/2018,59.72
Funk-Jakubowski,Goodwin and Sons,05/28/2018,66.84
Gerhold and Sons,Dach-Hessel,04/21/2018,55.05
Haag and Sons,Thiel-Moore,05/01/2018,239.79
Bergstrom Inc,"Emard, Koepp and O'Conner",06/04/2018,240.51
Koelpin Group,Jones and Sons,06/09/2018,125.88
Larson-Rohan,"Pagac, Nitzsche and Sipes",04/07/2018,117.04
"Stroman, Stanton and Schowalter",Mayert LLC,04/15/2018,178.20
Walker and Sons,"Hermiston, Hauck and Graham",05/09/2018,195.60
Donnelly-Kertzmann,"Smith, Bailey and Rolfson",05/26/2018,99.82
Purdy Group,"Waelchi, Medhurst and Nitzsche",06/07/2018,155.33
Keebler-Aufderhar,"Zboncak, Macejkovic and Kertzmann",06/11/2018,184.69
Weissnat LLC,Murazik-Kovacek,04/01/2018,63.22
"Harris, Daugherty and McCullough",Kuhn Group,05/15/2018,216.33
Lind Group,Williamson-Boehm,05/06/2018,173.19
"Huel, Ondricka and Casper",Batz-Rohan,05/15/2018,149.12
Armstrong-Kuhn,Green Group,06/08/2018,101.64
"Lesch, Padberg and Buckridge",Reinger-Waelchi,05/21/2018,47.39
Mante LLC,VonRueden-Toy,06/15/2018,246.45
"Koch, Dicki and Littel","Renner, Hilll and Bailey",05/25/2018,42.75
Bashirian-Strosin,Hirthe-Zemlak,06/21/2018,203.78
Klein Inc,"Bode, Feest and Reichert",04/11/2018,89.69
Ruecker and Sons,"Rogahn, Schoen and Carroll",04/29/2018,121.02
"Hand, Zemlak and Blick",Schuppe Group,05/30/2018,37.79
"Welch, McLaughlin and Cruickshank",Boyle Group,04/03/2018,84.08
"Paucek, Heller and Wolf","Farrell, Champlin and Lang",04/16/2018,160.24
Jaskolski-Stamm,VonRueden Inc,06/26/2018,190.60
Baumbach-Hane,"Littel, Gleichner and Gorczany",06/26/2018,151.93
Koss Inc,Yost-Mueller,04/27/2018,149.01
Paucek Group,Parker-Keebler,04/24/2018,81.29
Schroeder Inc,Keebler Group,06/22/2018,216.44
Pouros-Stiedemann,Zulauf Group,04/25/2018,232.32
Rosenbaum LLC,Volkman Inc,05/30/2018,74.57
Bosco LLC,Senger and Sons,05/11/2018,185.36
"Kiehn, Macejkovic and Dicki","Hagenes, Prosacco and Streich",05/03/2018,248.25
"Larkin, Schamberger and Rowe",Gorczany-Hirthe,06/03/2018,241.81
"Gottlieb, Sanford and Legros","Block, Johnson and Lakin",06/08/2018,223.25
"Brekke, Murphy and Abbott",Osinski-Mraz,05/04/2018,54.48
"Simonis, Grimes and Zemlak",Nicolas Group,05/12/2018,219.56
"Armstrong, Barrows and Buckridge",Williamson-Cormier,05/12/2018,49.59
Muller-Grant,Mann Inc,06/28/2018,100.13
Parker-Stamm,Langworth-Schamberger,04/02/2018,158.77
"Heidenreich, Simonis and Auer","O'Hara, Yundt and Muller",05/26/2018,157.24
"Sporer, Crooks and Bernhard",Bahringer-Effertz,05/19/2018,210.91
DuBuque Group,Tromp Group,05/23/2018,51.41
Swaniawski and Sons,Jacobson and Sons,06/14/2018,226.83
Blanda LLC,Collier-Hamill,05/01/2018,49.01
Gleichner-Spencer,Wilkinson Inc,06/11/2018,165.49
Turcotte-Brakus,McGlynn-Schiller,04/14/2018,159.80
Wolf and Sons,"Waters, Robel and Hirthe",04/05/2018,105.72
Hamill and Sons,Kunde-Hettinger,04/11/2018,89.19
Mante and Sons,Stehr-Wyman,06/06/2018,113.00
"Mayert, Gaylord and O'Connell",Keebler-Ward,05/23/2018,240.58
Corkery LLC,Towne and Sons,04/24/2018,215.66
Jakubowski Inc,"Zieme, Huels and Schoen",05/11/2018,166.29
Goldner Group,Vandervort-Klocko,05/29/2018,205.19
Watsica LLC,"White, Borer and Heidenreich",04/02/2018,107.98
"Schmitt, Monahan and Heaney","Satterfield, Lubowitz and West",05/17/2018,51.44
"Olson, Donnelly and Price","Purdy, Simonis and Macejkovic",05/23/2018,207.85
Bogan-Stark,Hilll-Schuppe,06/07/2018,91.24
"Heathcote, Becker and Lang",Klocko Inc,04/11/2018,171.29
"Runolfsdottir, Schuppe and King",Langworth and Sons,05/07/2018,88.43
"Schneider, Hilpert and Nikolaus",Cartwright and Sons,05/03/2018,172.81
Krajcik-Ruecker,"Collier, Abernathy and Runolfsson",05/13/2018,45.64
Leffler-Ebert,Runolfsdottir Group,05/20/2018,49.12
Lind-Boehm,"Grady, Kassulke and Hudson",05/23/2018,123.60
"White, O'Conner and Konopelski",Russel-Johnson,06/27/2018,81.62
"Wintheiser, Ankunding and Thiel","Jakubowski, Ritchie and Bashirian",04/04/2018,152.16
"Hilll, Klocko and Braun","Windler, Baumbach and Mayert",06/17/2018,54.79
Altenwerth-Kulas,"Pfeffer, Lowe and Sauer",05/23/2018,207.22
Prosacco-Effertz,Gleichner-Marks,06/11/2018,128.73
Emmerich and Sons,Paucek-Klein,05/24/2018,153.57
Rowe-Morissette,"Robel, Lynch and Schneider",04/03/2018,60.91
Barrows Inc,Mraz LLC,06/15/2018,215.57
Krajcik LLC,Cartwright-Murphy,05/26/2018,164.63
"Herzog, Dicki and Stamm",Bode Inc,05/31/2018,225.72
"Koss, Dickens and Treutel","Corwin, Balistreri and VonRueden",06/17/2018,190.35
"Swift, Collins and Legros",Weimann and Sons,04/21/2018,43.74
"Windler, Jones and Wilkinson",Kemmer Group,06/01/2018,227.94
Wolf-Johnston,"White, Mraz and Fahey",06/05/2018,69.74
"Roob, Wuckert and Bahringer","Deckow, Mayert and Beer",06/02/2018,153.01
Osinski-Dicki,Herzog Inc,06/21/2018,233.83
"Metz, Harber and Batz",Paucek-Johnston,05/05/2018,248.50
Wuckert LLC,"Reinger, Fadel and Hahn",05/02/2018,245.24
"Bashirian, Rempel and Hansen",Steuber-Ziemann,04/23/2018,230.79
West Inc,Bauch-Johnson,05/29/2018,127.84
Lockman and Sons,Buckridge and Sons,06/11/2018,76.32
"Sanford, Hilpert and Cremin",Ratke LLC,06/13/2018,211.17
Rowe-Hilll,Macejkovic LLC,06/24/2018,140.31
Cole and Sons,Parker and Sons,05/24/2018,167.81
Borer Inc,"Stoltenberg, Lindgren and Jacobs",05/21/2018,179.75
"Koss, Kuhic and McKenzie",Oberbrunner-Weber,06/06/2018,158.69
"McCullough, Hegmann and Gislason",Abshire-Balistreri,06/16/2018,73.78
"Bergstrom, Jacobi and Sipes",Sporer Inc,04/07/2018,50.69
Wolf-Baumbach,Pfeffer-Keebler,04/04/2018,44.27
Ullrich-Paucek,"Runolfsdottir, Hoppe and Gulgowski",05/21/2018,152.60
Kub LLC,McGlynn Group,04/11/2018,56.26
"Turcotte, Langworth and Bartell",Jacobi-Nienow,06/14/2018,46.34
Kutch and Sons,DuBuque-Dach,06/15/2018,86.13
"Ortiz, Ratke and Greenholt",Hansen-Bradtke,05/20/2018,218.42
Kuvalis Inc,McLaughlin Group,05/06/2018,62.52
Kuhlman-Harris,Koch-Grimes,04/09/2018,197.35
"Jones, Breitenberg and Casper",DuBuque-Klein,04/23/2018,67.06
Considine-Stracke,Conroy Inc,06/19/2018,123.07
"Jast, Stoltenberg and Torphy",Carroll-Stehr,04/29/2018,213.77
Quigley-Emmerich,Harber-Larkin,06/28/2018,108.68
O'Connell and Sons,"Blick, O'Reilly and McGlynn",06/16/2018,122.84
Stiedemann Inc,Tromp and Sons,06/21/2018,160.25
Sipes-Lind,"Padberg, Trantow and Romaguera",04/25/2018,196.73
Herman-Ryan,"Jakubowski, Gerlach and Swaniawski",04/28/2018,83.89
Parker Inc,Zemlak-Schulist,05/22/2018,119.39
Ondricka Inc,Schulist-Ebert,05/03/2018,74.82
Schneider Inc,Rosenbaum-Paucek,05/03/2018,142.64
Schamberger-Kunde,"Kreiger, Kohler and Bartell",06/25/2018,167.23
"Hermiston, Hayes and Hyatt",Kemmer Group,04/25/2018,125.29
"Hudson, Hirthe and Kunde",Abshire-Schimmel,05/19/2018,214.45
Adams and Sons,Fay and Sons,05/12/2018,114.51
Champlin Inc,Streich Group,06/23/2018,184.84
"Barton, Sauer and Adams",Volkman Inc,05/04/2018,208.08
"Huels, Harvey and Luettgen",Gutkowski and Sons,06/27/2018,87.11
"Murphy, Reynolds and Ondricka","Rutherford, Steuber and Dibbert",05/31/2018,83.96
"Wunsch, Berge and McCullough","Krajcik, Walter and Herman",05/22/2018,101.36
Bernier-Mueller,"Ledner, Lockman and Mosciski",05/27/2018,190.54
O'Reilly-Conroy,"McGlynn, O'Kon and Reinger",06/10/2018,233.24
Johnston-Wilkinson,Rolfson-Kling,04/01/2018,82.07
"Bednar, Stiedemann and O'Keefe",Gerlach and Sons,06/03/2018,40.84
Muller-Ernser,McKenzie and Sons,05/23/2018,207.61
Emard-Kling,Buckridge Inc,06/14/2018,132.47
Herman Inc,Toy-Price,05/25/2018,85.17
Erdman Inc,Ernser-Lebsack,05/06/2018,148.44
Homenick Inc,"Sawayn, Feeney and Altenwerth",05/17/2018,186.98
Wisozk and Sons,Hessel LLC,05/27/2018,44.68
"Ullrich, Hettinger and Wisoky",Bayer-Herzog,05/30/2018,69.54
Kerluke-Renner,Ernser-Fahey,06/04/2018,180.80
Ernser and Sons,Schroeder-Zemlak,06/08/2018,165.03
"Orn, Nitzsche and Abshire",Rath and Sons,05/11/2018,132.21
Sipes and Sons,Kovacek Group,04/13/2018,242.18
"Koss, Cormier and Gorczany",Stiedemann-Kuhlman,06/24/2018,101.38
"Gerhold, Gislason and Langworth","Mayer, Denesik and Kerluke",05/31/2018,163.84
Gutkowski-Sanford,"Moen, Hettinger and Dickinson",06/12/2018,224.08
Wehner Inc,Wilkinson Group,06/07/2018,208.88
Lowe-Purdy,Pfannerstill LLC,06/01/2018,196.08
Schaefer-Walker,"Graham, Rutherford and Schuppe",06/06/2018,222.61
"Beahan, Wuckert and Lynch","Corwin, Nicolas and Kautzer",06/26/2018,85.93
"Bergstrom, Bashirian and Mills","Stark, Bosco and Hartmann",06/26/2018,128.22
White-Hyatt,"Welch, Ankunding and Gusikowski",06/24/2018,39.28
Hyatt-Dare,Graham-Kunze,06/08/2018,96.39
Batz Inc,Krajcik and Sons,06/24/2018,45.68
Klocko and Sons,Ziemann Inc,05/17/2018,192.69
"Gerlach, Terry and Erdman","Larson, Daugherty and Legros",06/02/2018,75.58
"Shields, Hudson and Harber",Cronin-Gislason,06/27/2018,157.42
Considine-Fadel,"Wolf, Barrows and Pfeffer",05/01/2018,133.94
"Welch, Carroll and Kemmer","Lehner, Howell and Murazik",06/02/2018,241.48
"Brekke, Zboncak and Jacobi",Stoltenberg-Connelly,05/29/2018,101.66
Gutmann-Frami,Wyman Inc,06/03/2018,190.13
Towne-Frami,Lind and Sons,05/26/2018,151.02
"Rowe, Breitenberg and Mayer",Runolfsdottir-Lehner,05/12/2018,123.56
"Ullrich, Gutkowski and Nicolas",Quitzon LLC,05/09/2018,115.94
Tremblay-McCullough,Osinski-Auer,06/27/2018,97.23
Wisozk Group,"Emmerich, Walsh and Stehr",05/02/2018,240.27
Johnston-Pfannerstill,"Steuber, Kohler and Nienow",06/05/2018,205.12
"Romaguera, Pfeffer and Reichert","Kshlerin, Deckow and Parisian",04/29/2018,200.50
Yundt-Mohr,"Blick, Gleason and Cartwright",05/04/2018,199.53
Daugherty Inc,Bradtke-Hegmann,05/13/2018,78.31
Wiza and Sons,Shanahan and Sons,05/26/2018,37.73
Berge-Mayer,Block Group,06/02/2018,91.88
Jaskolski and Sons,Johnson-Strosin,06/18/2018,42.45
"Ortiz, Lindgren and Schuppe",Kuphal Inc,05/15/2018,192.82
Maggio-Gerhold,Mitchell-Cole,04/20/2018,170.99
"Heidenreich, Skiles and Dickens","Wunsch, Conn and Jones",05/09/2018,91.62
Muller-Tillman,Hansen-Auer,06/13/2018,180.96
"Smitham, Kris and Legros",Bailey and Sons,04/25/2018,225.55
Mertz-Lakin,Bogan Inc,04/24/2018,120.78
"O'Connell, Turcotte and Stiedemann",Boehm Group,05/08/2018,106.17
Nitzsche and Sons,"Schroeder, Abbott and Kris",04/10/2018,201.43
Weimann and Sons,Mohr-Ullrich,06/17/2018,102.52
Reynolds Inc,Rogahn-Hilpert,05/16/2018,242.19
Spinka-Bogisich,Senger-Hoeger,05/26/2018,161.09
"Oberbrunner, Parisian and Maggio","Welch, Lang and Breitenberg",06/21/2018,79.13
Kreiger and Sons,Hilll-Parisian,05/11/2018,158.16
Konopelski-Muller,"Schaefer, Howell and Frami",06/06/2018,58.87
"Carroll, Luettgen and Wuckert",Turcotte-Ortiz,04/03/2018,194.60
Sipes-Hane,Monahan LLC,06/16/2018,132.23
Leuschke Group,"Weimann, Gusikowski and Tremblay",05/18/2018,101.70
Torp-Grimes,Dicki Group,05/02/2018,92.45
Bauch and Sons,"Cartwright, Gorczany and Heller",06/25/2018,159.81
Turcotte LLC,Howell and Sons,05/26/2018,202.79
"Becker, Jaskolski and Hyatt","Buckridge, Kunde and Smith",04/06/2018,145.05
"Prosacco, Gerlach and Mayer",Tremblay-Kutch,04/09/2018,159.93
Windler LLC,Renner Group,05/10/2018,106.10
Keeling-Dickens,"Marks, Cremin and VonRueden",06/08/2018,65.89
"Johnston, Skiles and Connelly",Collins-Satterfield,06/25/2018,67.64
Crona-Gorczany,"Bins, Mueller and Gislason",04/03/2018,138.26
Kub Inc,"Nikolaus, Jast and Bartell",06/06/2018,243.32
"Lueilwitz, Davis and Wintheiser",Kohler LLC,04/17/2018,110.35
Becker-Friesen,Cronin Group,04/12/2018,243.89
"Goodwin, Hilll and Dibbert","Hegmann, Kirlin and Mosciski",04/23/2018,105.54
Grady Group,Kunde and Sons,04/23/2018,62.34
"Kling, Hessel and Frami",Pollich-Heller,06/20/2018,150.98
